<?xml version="1.0"?>
<!DOCTYPE games SYSTEM "dtd_EJ5.dtd">
<games>
    <game>
        <team-home>Betis</team-home>
        <team-visit>sevilla</team-visit>
            <scores>
                <score minutes="26"></score>
                    <player>Joaquin</player>
                <score minutes="78"></score>
                    <player>Ruben</player>
            </scores>
            <yellows-cards>
                <player>nacho</player>
            </yellows-cards>
            <reds-cards>
                <player>pepe</player>
            </reds-cards>
    </game>
</games>